{
    "singleModal" : [ 7.68692160971854, 3.46616757773876, 8.54527711416568, 4.27622719380081, 5.05967939071744, 7.47118486893534, 11.9761951714821, 12.0767141450165, 5.47905476903495, 2.59627692465449, 5.69838520218217, 2.75124584563397, 3.41583883903746, 3.5531684321323, 9.78488893284268, 8.24434719976285, 11.5448507879892, 6.13762278514041, 5.22435312123777, 1.83533461982672, 7.77969267790554, 3.29555518573203, 4.16783924517801, 6.97939002974024, 2.1521593502908, 8.06090453291697, 7.11825148148098, 9.65409598853814, 4.67232307263289, 6.07981980380752, 4.32323467227389, 4.43900304126215, 4.88789353984334, 4.57663602502784, 2.76451106129282, 11.4931961380358, 2.28751102063194, 5.74009511022121, 4.68243961320476, 14.5107290630988, 2.6027683314798, 10.4805055187203, 3.83680082361087, 9.22522433049363, 9.54424430534849, 9.00780853894285, 8.27372758629731, 10.4906418057353, 3.0314531624812, 13.2865391716118, 5.50128916717726, 11.4408494170091, 2.95209771707937, 4.25147283976195, 3.36624525770258, 9.53109549262522, 2.24829595064479, 12.3830174793811, 4.71636735726713, 3.87583453207481, 1.63904291470165, 13.6241861845772, 16.2775852053744, 1.75269964401439, 8.08849193549813],
    "biModal" : [9.77864003887786, 2.46128605897249, 10.854815329035, 4.90622273645043, 2.08150070468376, 0.494628133846912, 3.29312955365028, 1.56783579329113, 2.6474184687348, 7.33298746382807, 5.34243341504976, 2.883167104573, 10.9745952038427, 4.48517523797737, 8.24766210377735, 2.42780754311586, 3.00980398858448, 4.16375865264833, 2.76628834067171, 7.80280442409637, 4.80801408671547, 2.33007180435998, 16.3925257101303, 15.9340833248766, 18.8493559621965, 16.2811322151377, 18.9577633587134, 12.4358554362923, 18.0534158935284, 18.6745725347689, 15.5811527944442, 18.794304115159, 16.9328648575775, 17.7042708995991, 16.7778211620035, 16.3932737641337, 14.540010860481, 17.3950990158926, 18.3181311377214, 15.3245737377425, 15.9786968333095, 15.6628478525008, 16.4661882656942, 17.6712070609862, 14.6770158329361, 17.7161607301612, 17.4475933696219, 16.7341862488528, 16.359423290456, 19.3918755329032, 14.851082738577, 16.4755615941313, 18.2924258145365, 14.943177651019, 16.9134263230035, 13.9293321639037, 16.9550731661996, 14.652875467922, 17.6377716764433, 18.7585893295775, 17.5868909779441, 17.2283468361591],
    "multiModal" : [4.81899209302915, 0.958438135090832, 0.943477295582168, 0.182404759894671, 0.743663219171033, 0.713003165013615, 2.0102828910994, 3.29414292102677, 6.93215319417534, 2.86050985489964, 1.18330458993829, 0.779104387633268, 2.08556553242143, 5.44947873941582, 3.1717266441103, 6.46150518194667, 1.85038273568627, 1.00590474125684, 4.22303305646524, 3.12477920607597, 13.6212150935642, 11.4747212240524, 11.9850695686686, 11.6049840604173, 10.9550227107148, 11.1592630931557, 9.32875179448524, 9.86317816719806, 11.3292405323967, 11.6684311914747, 13.2770693192101, 11.8024769557708, 11.8428653994049, 10.7889573059658, 10.4919228366456, 12.1782720903001, 11.8339912328518, 12.3487319013736, 12.469879709541, 12.6293921483399, 11.175611202923, 11.2533649044111, 10.1465820030234, 12.2093399088701, 9.83917615047075, 11.7424149476809, 10.552158447308, 12.2657965842397, 10.0258077406117, 12.5499853558976, 10.4586876752828, 13.1112261205278, 10.7892057465707, 13.3712670477411, 11.5309712616319, 21.0310141221182, 18.2972464799799, 18.2762623058701, 17.4785682745708, 19.9211633484389, 20.0635233368825, 17.8544888881481, 18.2554175000592, 16.2678946618245, 18.390756830131, 17.3694467173275, 15.9050585458314, 17.0905711469179, 20.0280107954661, 17.4535814205115, 18.0631827378624, 16.4169935843361, 18.824424804991, 16.6491717925163, 16.7373850604123, 17.5690009444724, 18.151282641153, 18.3813881236324, 17.8219939889475, 21.4371415780463, 17.0604879094796, 17.9292885909151, 19.9946777714231, 17.2211449427834, 17.9952667276043, 20.1707924970495, 18.6773312106149, 16.5823974848755, 17.4577714547304, 17.7431001934496, 18.3568208344339, 18.8782829080951, 19.1889984457369, 18.1900155724797, 19.9557977248156, 21.3552862945977, 19.45136402337]
}

// singleBiMultiModalPlots.r
// e.g. cat(paste(x1 collapse=", "))
